{"cameraMode":{"drawMode":0,"name":"Shaded","section":"Shading Mode"},"sceneLighting":false,"audioPlay":false,"sceneViewState":{"showFog":true,"showMaterialUpdate":false,"showSkybox":true,"showFlares":true,"showImageEffects":true,"showParticleSystems":true},"in2DMode":false,"pivot":{"x":4.322291374206543,"y":0.751278281211853,"z":2.3916430473327638},"rotation":{"x":-0.3108307421207428,"y":0.14242109656333924,"z":-0.047166720032691959,"w":-0.938549816608429},"size":4.952691078186035,"orthographic":false}