{"cameraMode":{"drawMode":0,"name":"Shaded","section":"Shading Mode"},"sceneLighting":false,"audioPlay":false,"sceneViewState":{"showFog":true,"showMaterialUpdate":false,"showSkybox":true,"showFlares":true,"showImageEffects":true,"showParticleSystems":true},"in2DMode":false,"pivot":{"x":0.26387929916381838,"y":-0.17322731018066407,"z":-0.8209333419799805},"rotation":{"x":-0.18512167036533357,"y":0.7123076319694519,"z":-0.2042955756187439,"w":-0.6454542875289917},"size":7.698838710784912,"orthographic":false}